City,Cloudiness,Country,Date,Humidity,Lat,Long,Max Temp,Wind Speed
arlit,100,NE,1566692800,63,18.74,7.39,78.5,22.41
rikitea,84,PF,1566692718,70,-23.12,-134.97,69.68,21.83
hilo,90,US,1566692754,65,19.71,-155.08,82.4,13.53
bontang,98,ID,1566692803,94,0.12,117.47,77.24,2.95
punta arenas,75,CL,1566692805,70,-53.16,-70.91,42.8,13.87
ilulissat,20,GL,1566692758,31,69.22,-51.1,46.4,9.17
denpasar,40,ID,1566692518,94,-8.65,115.22,75.2,5.82
carnarvon,0,ZA,1566692808,22,-30.97,22.13,55.64,7.07
albany,75,US,1566692717,56,42.65,-73.75,69.8,9.17
bredasdorp,0,ZA,1566692737,82,-34.53,20.04,55.4,8.05
port alfred,0,ZA,1566692813,72,-33.59,26.89,61,1.99
butaritari,87,KI,1566692814,71,3.07,172.79,84.26,7.07
cidreira,0,BR,1566692756,74,-30.17,-50.22,56.9,10.18
saurimo,12,AO,1566692817,28,-9.66,20.4,62.12,4.59
toccoa,90,US,1566692818,78,34.58,-83.33,75.99,4.7
ketchikan,40,US,1566692820,67,55.34,-131.65,62.6,16.11
mataura,66,NZ,1566692821,95,-46.19,168.86,48,7
alice springs,1,AU,1566692812,41,-23.7,133.88,60.8,11.41
mbanza-ngungu,89,CD,1566692823,75,-5.25,14.87,71.3,3.33
hermanus,0,ZA,1566692825,87,-34.42,19.24,55,8.99
cabo san lucas,20,MX,1566692782,74,22.89,-109.91,88,4.7
tutoia,35,BR,1566692827,74,-2.76,-42.27,77.06,6.76
deputatskiy,24,RU,1566692828,74,69.3,139.9,56.36,7.18
ruston,90,US,1566692830,74,32.52,-92.64,84.2,5.86
cherskiy,71,RU,1566692831,32,68.75,161.3,67.52,3.89
gizo,75,IL,1566692832,74,31.8,34.94,80.6,6.93
bireun,100,ID,1566692833,95,5.2,96.7,66.44,4
whitehorse,90,CA,1566692749,87,60.72,-135.06,51.01,2.24
saskylakh,46,RU,1566692836,74,71.97,114.09,52.76,4.9
ancud,40,CL,1566692837,93,-41.87,-73.83,44.6,5.82
jamestown,28,AU,1566692839,66,-33.21,138.6,46.82,8.12
qaanaaq,100,GL,1566692739,92,77.48,-69.36,34.58,12.84
busselton,70,AU,1566692843,56,-33.64,115.35,53.01,11.34
saint-philippe,1,CA,1566692846,63,45.36,-73.48,70,4.7
puerto ayora,0,EC,1566692580,69,-0.74,-90.35,77,11.41
new norfolk,75,AU,1566692725,93,-42.78,147.06,53.01,9.17
vaini,75,IN,1566692850,94,15.34,74.49,69.8,3.36
avarua,65,CK,1566692851,74,-21.21,-159.78,78.8,11.41
sinnamary,12,GF,1566692801,70,5.38,-52.96,82.64,7.49
astana,0,KZ,1566692853,76,51.13,71.43,53.6,8.95
loharu,0,IN,1566692854,54,28.43,75.81,85.52,6.13
ranong,75,TH,1566692856,100,9.96,98.62,75.2,2.24
taoudenni,96,ML,1566692857,33,22.68,-3.98,93.62,0.94
barrow,33,AR,1566692860,76,-38.31,-60.23,52.58,10.76
kaitangata,62,NZ,1566692781,55,-46.28,169.85,55.99,13
fairbanks,20,US,1566692702,48,64.84,-147.72,60.8,5.82
nhulunbuy,40,AU,1566692863,57,-12.18,136.78,78.8,14.99
tiksi,56,RU,1566692755,89,71.64,128.87,47.18,7.61
ponta do sol,0,BR,1566692865,56,-20.63,-46,61.4,4.45
longyearbyen,75,NO,1566692867,80,78.22,15.63,39.2,6.93
ushuaia,40,AR,1566692591,70,-54.81,-68.31,42.8,5.82
saint-augustin,1,CA,1566692869,63,45.63,-73.98,71.6,4.7
luena,85,AO,1566692870,38,-11.78,19.91,50.96,2.37
sayyan,33,YE,1566692872,60,15.17,44.32,71.48,2.1
san carlos de bariloche,40,AR,1566692873,86,-41.13,-71.31,39.2,11.41
cayenne,0,GF,1566692875,88,4.94,-52.33,77,2.53
severo-kurilsk,100,RU,1566692876,91,50.68,156.12,48.26,38.7
upernavik,98,GL,1566692877,64,72.79,-56.15,43.22,12.01
hobart,75,AU,1566692782,93,-42.88,147.33,53.01,9.17
iracoubo,17,GF,1566692879,84,5.48,-53.21,76.16,3.2
ribeira grande,30,PT,1566692881,79,38.52,-28.7,69.32,17.07
ca mau,98,VN,1566692646,82,9.18,105.15,80.12,6.22
portsmouth,61,GB,1566692883,77,50.8,-1.08,66.99,3.36
katsuura,75,JP,1566692884,61,33.93,134.5,80.6,6.93
sorland,100,NO,1566692885,91,67.67,12.69,52.76,21.05
bethel,75,US,1566692887,51,60.79,-161.76,60.8,6.93
mayor pablo lagerenza,0,PY,1566692888,33,-19.93,-60.77,81.74,5.28
camacha,40,PT,1566692889,78,33.08,-16.33,73.4,10.29
smithers,75,CA,1566692805,72,54.78,-127.17,59,4.7
ust-barguzin,100,RU,1566692892,99,53.41,109.03,51.14,8.55
cape town,75,ZA,1566692893,93,-33.93,18.42,60.01,5.82
ahipara,67,NZ,1566692894,93,-35.17,173.16,62.01,1.99
eydhafushi,100,MV,1566692813,77,5.1,73.07,81.92,14.18
sambava,22,MG,1566692896,79,-14.27,50.17,63.74,3.87
banjar,61,ID,1566692898,90,-7.37,108.54,69.86,1.41
soyaux,0,FR,1566692899,60,45.64,0.19,71.6,4.7
esperance,92,AU,1566692900,81,-33.86,121.89,46.4,6.93
waynesville,90,US,1566692650,73,37.83,-92.2,72,6.93
zhezkazgan,9,KZ,1566692903,42,47.8,67.71,58.88,1.59
kyzyl-suu,15,KG,1566692904,58,42.34,78,62.66,11.05
port macquarie,0,AU,1566692905,40,-31.43,152.91,75.99,5.82
severo-yeniseyskiy,85,RU,1566692852,85,60.37,93.04,54.2,3.74
puerto escondido,75,MX,1566692907,79,15.86,-97.07,84.2,4.34
chokurdakh,100,RU,1566692910,90,70.62,147.9,54.56,12.01
kapit,84,MY,1566692911,95,2.02,112.94,75.08,1.48
bonthe,100,SL,1566692912,90,7.53,-12.5,75.98,4.61
karratha,0,AU,1566692913,32,-20.74,116.85,72.2,3.74
atuona,1,PF,1566692915,72,-9.8,-139.03,79.4,13.73
wanaka,90,NZ,1566692916,88,-44.7,169.14,40.88,8.03
saint george,0,GR,1566692917,64,39.45,22.34,80.01,0.76
georgetown,20,GY,1566692918,78,6.8,-58.16,82.4,9.17
perelyub,0,RU,1566692919,71,51.87,50.37,59.24,7.9
kloulklubed,90,PW,1566692922,88,7.04,134.26,77,11.41
xining,96,CN,1566692764,78,36.62,101.77,52.22,1.86
castro,40,CL,1566692924,93,-42.48,-73.76,44.6,5.82
yellowknife,40,CA,1566692834,63,62.45,-114.38,62.6,4.7
san luis,0,AR,1566692926,48,-33.3,-66.34,59.78,4.94
touros,75,BR,1566692928,88,-5.2,-35.46,75.2,4.7
khandbari,89,NP,1566692929,83,27.38,87.21,55.64,2.21
biak,100,ID,1566692930,95,-0.91,122.88,64.82,5.3
te anau,49,NZ,1566692808,81,-45.41,167.72,45.2,8.93
hofn,7,IS,1566692768,80,64.25,-15.21,38,9.62
kodiak,90,US,1566692934,68,39.95,-94.76,72,9.17
victoria,75,BN,1566692935,78,5.28,115.24,80.6,4.7
khatanga,74,RU,1566692936,87,71.98,102.47,53.48,5.99
east london,0,ZA,1566692771,33,-33.02,27.91,62.12,6.13
chuy,97,UY,1566692726,80,-33.69,-53.46,52.58,9.93
mangrol,75,IN,1566692942,83,25.33,76.51,77,2.24
dikson,100,RU,1566692943,97,73.51,80.55,40.7,13.98
bowen,40,AU,1566692944,64,-20.01,148.25,73.99,10.29
nouadhibou,12,MR,1566692948,94,20.93,-17.03,71.6,6.93
vila velha,40,BR,1566692950,78,-3.71,-38.6,80.6,14.99
lompoc,75,US,1566692951,77,34.64,-120.46,80.01,6.93
hounde,98,BF,1566692952,94,11.5,-3.52,70.76,6.2
mathbaria,100,BD,1566692953,89,22.29,89.96,79.22,5.84
necochea,53,AR,1566692955,72,-38.55,-58.74,51.01,11.01
arraial do cabo,75,BR,1566692959,82,-22.97,-42.02,68,8.05
pyay,99,MM,1566692960,97,18.82,95.22,74.72,1.03
rayong,40,TH,1566692962,74,12.68,101.28,84,5.82
codrington,0,AU,1566692963,49,-28.95,153.24,71.6,5.82
havelock,90,US,1566692930,83,34.88,-76.9,77,11.41
rusape,0,ZW,1566692965,84,-18.53,32.12,48.62,3.2
mahebourg,75,MU,1566692966,88,-20.41,57.7,69.8,3.36
tuktoyaktuk,90,CA,1566692968,81,69.44,-133.03,44.6,23.04
xai-xai,0,MZ,1566692969,95,-25.04,33.64,57.62,4.97
avera,90,US,1566692970,83,33.19,-82.53,80.6,12.75
marzuq,34,YE,1566692971,38,14.4,46.47,80.12,4.54
bluff,5,AU,1566692973,53,-23.58,149.07,67.34,5.12
mizdah,0,LY,1566692974,65,31.45,12.98,71.3,11.39
hervey bay,40,AU,1566692975,49,-25.3,152.85,77,4.7
yenagoa,100,NG,1566692957,95,4.92,6.26,73.28,2.1
kapaa,75,US,1566692977,62,22.08,-159.32,89.6,13.87
road town,20,VG,1566692979,79,18.42,-64.62,84.2,6.93
takeo,75,JP,1566692981,88,33.2,130.02,73,2.24
vestmannaeyjar,51,IS,1566692982,90,63.44,-20.27,50.78,10.16
norman wells,75,CA,1566692985,71,65.28,-126.83,51.8,9.17
general roca,0,AR,1566692986,62,-39.03,-67.58,57.2,5.28
vallenar,99,CL,1566692987,62,-28.58,-70.76,57.8,3.83
bambous virieux,75,MU,1566692989,88,-20.34,57.76,69.8,3.36
pisco,90,PE,1566692991,77,-13.71,-76.2,62.6,6.93
mar del plata,100,AR,1566692993,61,-46.43,-67.52,50.42,10.27
port hardy,90,CA,1566692993,82,50.7,-127.42,59,5.82
clyde river,72,CA,1566692995,55,70.47,-68.59,48.62,1.16
verkhniy baskunchak,93,KZ,1566692996,59,48.23,46.72,74.72,12.88
guangyuan,92,CN,1566692998,86,32.43,105.86,71.84,1.97
souillac,0,FR,1566692752,77,45.6,-0.6,71.6,1.12
constitucion,75,MX,1566692802,60,23.99,-104.67,72,3.36
zyryanka,68,RU,1566693003,50,65.73,150.89,69.68,6.53
pontianak,40,ID,1566693011,94,-0.02,109.34,77,6.93
hithadhoo,100,MV,1566693015,70,-0.6,73.08,82.46,8.01
los llanos de aridane,0,ES,1566693016,88,28.66,-17.92,73.4,14.99
sur,0,OM,1566693017,49,22.57,59.53,82.64,4.27
caravelas,66,BR,1566692796,81,-17.73,-39.27,71.48,8.34
la ronge,75,CA,1566693020,77,55.1,-105.3,68,4.7
morwell,35,AU,1566693022,84,-38.24,146.4,48.99,4
chiang rai,40,TH,1566693025,100,19.9,99.84,77,3.36
patnos,7,TR,1566693026,77,39.23,42.86,52.58,2.57
jaciara,61,BR,1566693027,33,-15.95,-54.98,77.78,1.61
tongzi,28,CN,1566693028,75,28.78,105.09,79.94,3.89
torbay,75,CA,1566692738,71,47.66,-52.73,52,11.41
homer,20,US,1566693031,82,59.64,-151.54,69.01,14.99
kavieng,34,PG,1566693032,78,-2.57,150.8,83,13.38
manaure,20,CO,1566693033,79,11.78,-72.45,84.2,11.41
virginia beach,90,US,1566693032,78,36.85,-75.98,75,10.29
gimli,100,CA,1566693035,39,50.63,-96.99,80.01,8.99
adrar,0,DZ,1566693037,14,27.87,-0.29,95,5.82
ozernovskiy,100,RU,1566693038,86,51.5,156.52,47.9,9.89
vanimo,100,PG,1566693039,72,-2.67,141.3,82.28,4.09
strezhevoy,75,RU,1566693040,93,60.73,77.6,50,13.42
pringsewu,59,ID,1566693042,94,-5.36,104.98,69.86,0.22
beihai,0,CN,1566693043,61,38.95,121.19,78.8,2.24
shalinskoye,100,RU,1566693044,94,55.72,93.76,53.12,4.21
lamar,1,US,1566693045,57,38.09,-102.62,80.6,11.41
berlevag,75,NO,1566693047,93,70.86,29.09,39.2,4.7
inuvik,90,CA,1566693048,53,68.36,-133.71,50,11.41
ballina,99,IE,1566693049,95,54.11,-9.15,60.01,1.01
oussouye,100,SN,1566693050,84,12.49,-16.54,80.3,16.73
the valley,20,AI,1566693052,79,18.22,-63.06,84.2,12.75
rabo de peixe,75,PT,1566693053,94,37.8,-25.58,71.01,11.41
samarai,75,PG,1566693054,82,-10.62,150.67,75.62,7.38
cap malheureux,75,MU,1566693055,88,-19.98,57.61,69.8,3.36
de-kastri,100,RU,1566693057,77,51.48,140.77,53.3,4.34
melo,100,UY,1566693058,85,-32.37,-54.17,51.5,13.4
penzance,48,GB,1566693059,93,50.12,-5.53,62.6,6.93
athabasca,34,CA,1566693060,50,54.72,-113.29,66.62,5.44
provideniya,44,RU,1566693061,48,64.42,-173.23,55.46,5.17
kahului,40,US,1566692774,55,20.89,-156.47,86,18.34
zhigansk,61,RU,1566693064,62,66.77,123.37,58.16,5.39
kavaratti,100,IN,1566693065,77,10.57,72.64,81.74,19.28
qandala,0,SO,1566693066,52,11.47,49.87,90.02,18.43
mount isa,52,AU,1566693068,18,-20.73,139.49,73.4,10.29
nagapattinam,100,IN,1566693069,65,10.76,79.84,81.2,14.09
mount gambier,40,AU,1566693070,87,-37.83,140.78,48.2,9.17
evensk,99,RU,1566693071,91,61.92,159.24,53.48,9.53
faanui,28,PF,1566693072,65,-16.48,-151.75,78.14,7.45
pizarro,100,CO,1566693075,83,4.95,-77.37,80.84,8.32
westport,1,US,1566693076,49,41.14,-73.36,71.6,3.83
hopfgarten,0,DE,1566693078,68,50.99,11.22,70,3.36
aklavik,90,CA,1566693080,53,68.22,-135.01,50,11.41
morehead,1,US,1566693081,60,38.18,-83.43,77,3.36
san juan,0,AR,1566692875,42,-31.54,-68.53,52.58,2.42
mapiripan,4,CO,1566692808,76,2.89,-72.13,77.06,3.49
san lawrenz,0,MT,1566693086,78,36.06,14.2,78.8,3.36
khandyga,95,RU,1566693087,81,62.65,135.58,60.68,2.46
port elizabeth,1,US,1566692887,72,39.31,-74.98,72,1.03
pevek,0,RU,1566693090,75,69.7,170.27,43.58,5.61
nuzvid,40,IN,1566693091,94,16.79,80.85,77,3.31
borogontsy,0,RU,1566693092,71,62.67,131.17,62.66,2.77
muros,20,ES,1566693093,93,42.77,-9.06,64.99,3.36
coihaique,75,CL,1566693095,93,-45.58,-72.07,41,3.36
xiongzhou,20,CN,1566693096,78,32.34,118.83,86,13.42
port-gentil,90,GA,1566693097,88,-0.72,8.78,77,6.93
kruisfontein,0,ZA,1566693099,47,-34,24.73,56.18,6.13
moranbah,15,AU,1566693100,49,-22,148.04,69.68,7.65
mehamn,75,NO,1566693101,93,71.03,27.85,39.2,4.7
sisimiut,0,GL,1566693102,72,66.94,-53.67,43.22,18.48
puerto madryn,51,AR,1566693104,45,-42.77,-65.04,58.16,9.6
kleive,99,NO,1566693105,93,62.8,7.64,60.8,5.82
vredendal,0,ZA,1566693106,73,-31.68,18.49,59.42,3.56
launceston,0,AU,1566693107,57,-41.43,147.14,53.01,8.05
bilma,54,NE,1566693109,52,18.69,12.92,85.16,0.85
klaksvik,100,FO,1566693110,93,62.23,-6.59,51.8,5.82
geraldton,75,CA,1566693111,59,49.72,-86.95,62.6,13.87
tasiilaq,92,GL,1566693112,75,65.61,-37.64,44.6,11.41
san juan del cesar,75,CO,1566693114,62,10.77,-73.01,84.2,5.82
port-cartier,40,CA,1566693115,76,50.03,-66.88,59,2.24
chany,42,RU,1566693116,92,55.31,76.76,51.86,8.19
bocicoiu mare,71,RO,1566693117,77,47.96,24.01,68,2.24
lasa,20,CY,1566693119,78,34.92,32.53,80.6,5.82
grants,1,US,1566693120,12,35.15,-107.85,87.8,13.87
baglung,100,NP,1566693121,86,28.27,83.59,55.82,2.37
nome,40,US,1566693122,79,30.04,-94.42,87.8,6.93
swords,20,IE,1566693124,93,53.46,-6.22,64,2.24
kassala,94,SD,1566693125,73,15.45,36.38,80.12,16.02
cassia,1,US,1566693126,74,28.89,-81.47,86,8.05
pemba,7,MZ,1566693127,69,-12.97,40.52,73.46,10.16
bang saphan,90,TH,1566693129,100,11.21,99.51,75.2,5.82
khasan,23,RU,1566693130,83,42.43,130.64,66.98,3.31
kamsack,1,CA,1566693131,65,51.56,-101.9,77,14.99
qaqortoq,83,GL,1566693132,29,60.72,-46.03,51.8,20.8
batagay,64,RU,1566693133,68,67.65,134.64,59.06,4.59
poum,36,MK,1566693135,71,41.28,20.71,61.04,4.23
waddan,0,LY,1566693136,55,29.16,16.14,73.64,5.19
carndonagh,100,IE,1566693137,84,55.25,-7.27,61.58,5.14
nikolskoye,0,RU,1566693139,93,59.7,30.79,55,4.47
brovary,0,UA,1566693141,71,50.51,30.79,64.99,8.95
poso,90,ID,1566693142,87,-1.4,120.75,66.44,4.34
makakilo city,90,US,1566693143,58,21.35,-158.09,89.6,9.17
araouane,79,ML,1566693145,40,18.9,-3.53,92.72,14.74
san angelo,1,US,1566693147,52,31.46,-100.44,87.8,9.17
hobyo,51,SO,1566693148,75,5.35,48.53,76.34,17.96
sapa,75,PH,1566693149,83,14.32,120.76,82.4,3.36
thompson,90,CA,1566693150,93,55.74,-97.86,66.2,8.05
monastyrshchina,10,RU,1566693153,93,54.35,31.84,55.46,4.32
saint-pierre,0,FR,1566693154,68,48.95,4.24,66.2,6.93
suntar,100,RU,1566693155,86,62.16,117.65,57.08,3.53
ponnampet,75,IN,1566692889,100,12.15,75.93,75.2,3.36
pozo colorado,0,PY,1566693158,46,-23.49,-58.8,74.18,6.93
half moon bay,90,US,1566693159,82,37.46,-122.43,82,5.82
burnie,7,AU,1566693161,57,-41.05,145.91,48.98,8.03
kosino,0,PL,1566693165,77,52.56,19.93,64,6.93
valle de allende,61,MX,1566693166,49,26.94,-105.39,77.78,10.38
gejiu,0,CN,1566693167,91,23.36,103.16,62.66,3.78
burgeo,6,CA,1566693169,67,47.61,-57.61,59.06,16.62
itoman,40,JP,1566693170,74,26.12,127.67,87.8,14.99
baghdad,0,IQ,1566692971,24,33.3,44.38,95,1.12
santa isabel,1,MX,1566693172,31,32.63,-115.58,102.2,13.87
luderitz,0,NA,1566693173,18,-26.65,15.16,71.6,9.17
bandarbeyla,0,SO,1566693175,68,9.49,50.81,77.24,25.88
sao filipe,71,CV,1566693176,85,14.9,-24.5,78.86,12.82
tura,43,RU,1566693177,64,64.27,100.22,57.8,4.05
ippy,100,CF,1566693178,98,6.26,21.2,68.78,4.65
iranshahr,0,IR,1566693179,16,27.21,60.69,84.2,4.7
flin flon,75,CA,1566693181,88,54.77,-101.88,66.2,6.93
divnomorskoye,1,RU,1566693182,89,44.5,38.13,74.18,5.61
maragogi,15,BR,1566692963,96,-9.01,-35.22,68.6,3.06
port hedland,0,AU,1566693185,56,-20.31,118.58,68,1.12
goderich,0,CA,1566693187,78,43.74,-81.71,64.99,17.27
felanitx,0,ES,1566693088,100,39.47,3.15,75.99,1.12
manyana,40,AU,1566693189,63,-35.26,150.51,64.99,14.99
vostok,39,RU,1566693190,82,46.45,135.83,59.78,2.91
sitka,84,US,1566693191,63,37.17,-99.65,82.99,10
arman,100,RU,1566693193,87,59.7,150.17,52.22,4.27
maldonado,0,UY,1566693194,81,-34.91,-54.96,53.6,6.93
novopokrovka,0,UA,1566693195,48,49.84,36.56,66.2,4.47
gat,20,SN,1566693198,78,14.69,-16.54,80.6,6.93
alofi,69,NU,1566693199,78,-19.06,-169.92,80.6,8.05
skibbereen,75,IE,1566693200,93,51.55,-9.27,59,14.99
grindavik,75,IS,1566693201,87,63.84,-22.43,50,6.93
khani,75,GE,1566693203,100,41.96,42.96,71.6,1.12
tazovskiy,100,RU,1566693006,98,67.47,78.7,47.54,14.92
rundu,0,NA,1566693206,24,-17.91,19.77,59,3.36
vila franca do campo,75,PT,1566693207,94,37.72,-25.43,71.01,11.41
alacranes,75,CU,1566693209,94,22.77,-81.57,75.2,4.7
kudahuvadhoo,100,MV,1566693210,69,2.67,72.89,82.46,8.7
lorient,86,FR,1566693211,93,47.75,-3.37,64,4.7
riachao,100,BR,1566693213,30,-7.36,-46.62,80.48,2.93
loiza,20,PR,1566693214,88,18.43,-65.88,82.99,6.93
fereydun kenar,0,IR,1566693215,72,36.69,52.52,83.36,5.23
matanzas,75,CU,1566693216,94,23.05,-81.58,75.2,4.7
antofagasta,90,CL,1566693048,76,-23.65,-70.4,57.2,10.29
gigmoto,100,PH,1566693220,75,13.78,124.39,82.64,6.17
shache,99,CN,1566693221,73,38.42,77.24,70,4
tabou,100,CI,1566693222,91,4.42,-7.36,74.18,5.57
itarema,0,BR,1566693224,78,-2.92,-39.92,75.98,10.67
jerome,1,US,1566693226,29,34.75,-112.11,96.01,9.17
airai,11,TL,1566693227,45,-8.93,125.41,78.5,0.89
matata,10,NZ,1566693229,61,-37.89,176.76,63,11.99
seoul,20,KR,1566693172,83,37.57,126.98,78.8,2.24
rabak,38,SD,1566693232,72,13.18,32.74,79.22,8.14
saryg-sep,81,RU,1566693233,72,51.49,95.55,47.36,2.86
guaiba,0,BR,1566693234,72,-30.11,-51.33,59,16.11
nadym,100,RU,1566693235,92,65.53,72.51,45.2,28.27
exeter,20,GB,1566693076,87,50.73,-3.53,64.99,2.24
pirenopolis,0,BR,1566693238,30,-15.85,-48.96,71.6,5.82
vilhena,0,BR,1566693215,57,-12.74,-60.15,78.8,4.7
ouadda,100,CF,1566693240,98,8.07,22.4,66.98,4.9
lebu,75,ET,1566693241,87,8.96,38.73,57.2,3.36
namatanai,70,PG,1566693243,77,-3.66,152.44,81.02,10.33
buta,69,CD,1566693244,99,2.79,24.73,69.5,1.61
beipiao,34,CN,1566693245,63,41.8,120.76,70.76,4.03
sabang,100,PH,1566693246,84,13.8,121.11,82.99,1.01
hollins,90,US,1566693247,60,37.35,-79.95,71.01,5.82
bathsheba,40,BB,1566693249,78,13.22,-59.52,82.4,13.87
ouallam,68,NE,1566693250,72,14.32,2.08,80.12,16.67
wajir,32,KE,1566693252,74,1.75,40.07,72.56,15.48
khandagayty,62,MN,1566693254,78,50.73,92.07,39.98,1.43
konya,0,TR,1566693255,56,37.87,32.48,68,12.75
pangkalanbuun,92,ID,1566693256,84,-2.68,111.62,77.24,3.27
buala,100,SB,1566693257,93,-8.15,159.59,76.34,11.16
nuevo progreso,1,US,1566693259,59,26.05,-97.95,93.2,10.29
saint anthony,1,US,1566693260,18,43.97,-111.68,87.8,16.11
pompeu,0,BR,1566693262,46,-21.05,-48.85,69.8,13.87
helena,1,US,1566693188,28,46.59,-112.04,82.4,3.36
san cristobal,12,HN,1566693266,64,14.68,-86.92,76.16,7.2
kinablangan,100,PH,1566693267,71,7.69,126.55,79.94,0.09
pacific grove,1,US,1566693042,64,36.62,-121.92,86,9.17
ardakan,0,IR,1566693269,18,32.31,54.02,73.4,4.7
rehoboth,0,NA,1566693162,46,-23.31,17.08,47.9,4.34
kang,0,BW,1566693271,22,-23.67,22.79,54.02,8.75
mineral wells,1,US,1566693273,52,32.81,-98.11,90,11.41
narsaq,83,GL,1566693274,29,60.91,-46.05,51.8,20.8
hokitika,59,NZ,1566693275,73,-42.72,170.96,54.38,7.81
tommot,100,RU,1566693248,92,58.97,126.27,56,2.17
asha,21,RU,1566693277,95,54.99,57.29,49.52,2.3
tena,40,EC,1566693280,100,-0.99,-77.82,77,5.66
amarante do maranhao,43,BR,1566693281,43,-5.57,-46.74,74.54,2.33
ercis,20,TR,1566693282,51,39.03,43.36,61,0.87
sungairaya,98,ID,1566693283,77,0.7,108.9,82.46,17.56
husavik,97,CA,1566693095,39,50.56,-96.99,80.01,8.99
jiangyin,83,CN,1566693286,74,31.91,120.26,89.01,9.86
fulda,20,DE,1566693287,68,50.55,9.68,69.01,4.7
honiara,90,SB,1566693288,78,-9.43,159.96,80.6,8.05
kenai,1,US,1566693290,32,60.55,-151.26,69.01,10.29
aldan,99,RU,1566693292,86,58.61,125.39,60.14,1.79
cristalina,0,BR,1566693293,30,-16.77,-47.61,66.62,2.73
san patricio,2,PY,1566693294,71,-26.98,-56.83,59.78,6.08
bocas del toro,60,PA,1566693037,75,9.33,-82.25,81.02,4.05
taltal,62,CL,1566693296,79,-25.41,-70.49,54.38,1.3
boralday,0,KZ,1566693298,81,43.36,76.86,53.6,2.24
tadine,95,NC,1566693299,62,-21.55,167.88,68.78,15.86
mastic beach,20,US,1566693300,68,40.77,-72.85,71.01,3.36
severodvinsk,75,RU,1566693301,93,64.56,39.82,44.6,4.47
kortkeros,90,RU,1566693302,100,61.81,51.56,52,6.71
nandyal,100,IN,1566693304,80,15.47,78.48,73.82,15.64
portland,75,US,1566693073,60,43.66,-70.25,68,6.93
chanika,45,MW,1566693233,77,-12.93,34.19,63.92,6.02
sibolga,100,ID,1566693307,74,1.74,98.78,80.3,10.47
lagoa,0,PT,1566693309,88,37.14,-8.45,72,2.24
adeje,100,NG,1566693310,92,5.68,5.76,74.36,3.33
narimanov,40,RU,1566693311,53,46.69,47.85,77,6.71
mokolo,42,CM,1566693314,92,10.74,13.8,69.32,4.68
marsa matruh,0,EG,1566693315,88,31.35,27.25,78.8,6.29
beringovskiy,52,RU,1566693309,58,63.05,179.32,63.92,6.62
ushtobe,0,KZ,1566693318,49,45.25,77.98,63.56,13.11
amarante,0,PT,1566693319,100,41.27,-8.08,63,1.19
grand gaube,75,MU,1566693321,88,-20.01,57.66,69.8,3.36
hericourt,0,FR,1566693322,93,47.57,6.76,63,2.86
lindas,75,NO,1566693323,77,60.74,5.16,64,24.16
farafangana,8,MG,1566693325,96,-22.82,47.83,62.3,2.1
khartoum,0,SD,1566693326,65,15.59,32.54,82.4,11.41
singapore,75,MY,1566692659,83,1.29,103.85,82.4,3.36
bloomfield,1,US,1566693094,64,40.75,-92.42,71.6,9.17
zhelyabovka,0,UA,1566693330,69,45.4,34.76,73.28,5.79
nantucket,20,US,1566693271,82,41.28,-70.1,66.2,11.41
quisao,75,PH,1566693333,83,14.44,121.34,82.4,3.36
darhan,54,MN,1566693334,86,49.49,105.92,55.46,1.52
kieta,12,PG,1566693305,68,-6.22,155.63,82.1,3.36
rio gallegos,0,AR,1566693336,71,-51.62,-69.22,37.4,6.93
salisbury,75,GB,1566693215,68,51.07,-1.8,69.01,4.7
juneau,90,US,1566693339,93,58.3,-134.42,59,5.82
linhares,20,BR,1566693059,91,-19.38,-40.06,67.34,3.04
manzhouli,99,CN,1566693341,81,49.6,117.43,59.24,3.85
pangai,75,TO,1566693342,69,-19.8,-174.35,75.2,9.17
high level,75,CA,1566693343,49,58.52,-117.13,68,4.7
guerrero negro,34,MX,1566693097,75,27.97,-114.04,76.88,8.3
lavrentiya,73,RU,1566693346,51,65.58,-170.99,58.16,6.38
isangel,75,VU,1566693347,60,-19.55,169.27,71.6,8.05
ayan,0,IR,1566693348,46,38.23,44.7,54.74,2.37
kaseda,75,JP,1566693350,100,31.42,130.32,77,9.17
nanakuli,90,US,1566693352,65,21.39,-158.15,89.6,13.87
batemans bay,65,AU,1566693353,50,-35.71,150.18,60.01,4
naze,100,NG,1566693354,97,5.43,7.07,72.02,1.23
lakes entrance,0,AU,1566693356,61,-37.88,147.99,55,1.99
barmer,2,IN,1566693358,74,25.74,71.4,79.94,14.54
kyaikkami,100,MM,1566693360,88,16.08,97.57,79.58,20.58
puerto del rosario,2,ES,1566693229,88,28.5,-13.86,82.4,18.34
buchanan,75,LR,1566693362,94,5.88,-10.05,77,4.7
kaman,0,TR,1566693363,52,39.36,33.73,69.86,7.76
mikuni,20,JP,1566693365,61,36.22,136.15,80.6,11.41
jalu,0,LY,1566693331,59,29.03,21.55,78.32,11.74
jiuquan,79,CN,1566693368,30,39.73,98.49,70.04,3.24
gadung,6,ID,1566693370,65,-7.32,112.63,76.16,1.01
bhabua,100,IN,1566693371,89,25.04,83.61,78.14,3.04
bosobolo,100,CD,1566693373,96,4.19,19.88,69.86,2.33
shenjiamen,76,CN,1566693375,82,29.96,122.3,83.36,19.89
yichang,65,CN,1566693376,82,30.77,111.32,73.64,1.52
dambulla,99,LK,1566693377,83,7.87,80.65,76.34,13.98
murgab,0,TM,1566693378,40,37.5,61.97,69.8,5.93
marshall,75,US,1566693380,69,32.54,-94.37,88,5.48
luganville,75,VU,1566693381,50,-15.51,167.18,78.8,16.11
pondicherry,75,ZA,1566693382,93,-34.04,18.35,60.01,5.82
takoradi,100,GH,1566693385,89,4.89,-1.75,74.54,5.35
itapui,0,BR,1566693386,63,-22.23,-48.72,66.2,9.17
montbrison,0,FR,1566693387,87,45.61,4.07,66.2,3.36
iguape,25,BR,1566693389,94,-24.7,-47.56,56.36,4.14
namibe,77,AO,1566693390,86,-15.19,12.15,67.16,4.9
hasaki,20,JP,1566693392,74,35.73,140.83,82,9.17
russell,90,US,1566693174,78,38.9,-98.86,78.8,13.87
rocha,100,UY,1566693394,89,-34.48,-54.34,47.36,7.99
bam,6,IR,1566693395,28,29.11,58.36,54.92,1.61
matadi,68,CD,1566693396,79,-5.83,13.46,70.4,3.53
college,20,US,1566693332,48,64.86,-147.8,61,5.82
hella,100,BF,1566693399,93,10.47,-3.27,69.32,7.4
albanel,20,CA,1566693400,77,48.88,-72.44,61,2.24
faya,41,SA,1566693402,82,18.39,42.45,68,1.59
chapais,1,CA,1566693403,72,49.78,-74.86,59,2.24
ayagoz,0,KZ,1566693404,63,47.96,80.43,54.2,7.25
severnoye,28,RU,1566693405,80,54.09,52.54,54.02,3.04
manakara,71,MG,1566693407,92,-22.14,48.01,64.82,4.29
tayga,74,RU,1566693408,93,64.77,43.49,46.64,7.92
eregli,0,TR,1566693409,56,37.51,34.05,68.96,3.78
onguday,18,RU,1566693410,95,50.75,86.14,38.9,3.56
henties bay,0,NA,1566693412,62,-22.12,14.28,68,1.79
jawhar,100,IN,1566693413,92,19.91,73.23,74.54,3.15
hirara,75,JP,1566693414,79,24.8,125.28,84.2,20.8
gua musang,100,MY,1566693417,96,4.88,101.97,65.72,2.77
aras,13,ES,1566693418,68,42.56,-2.36,68,3.2
kashira,0,RU,1566693420,82,54.84,38.15,55.4,8.95
hearst,50,CA,1566693413,62,49.69,-83.67,64.64,5.73
lorengau,64,PG,1566693422,76,-2.02,147.27,83.54,12.12
nuuk,0,GL,1566693423,93,64.17,-51.74,42.8,7.76
lugovoy,49,RU,1566693424,97,59.72,65.88,47.9,6.26
roald,100,NO,1566693426,72,62.58,6.12,64.99,9.17
esmeraldas,0,BR,1566693341,68,-19.76,-44.31,69.8,13.87
bilibino,76,RU,1566693428,40,68.06,166.44,63.2,6.55
canton,20,US,1566693429,63,40.8,-81.38,66.99,5.82
leh,0,IN,1566693343,60,34.16,77.58,43.4,4.97
yerofey pavlovich,0,RU,1566693432,70,53.97,121.97,63.92,2.39
waipawa,0,NZ,1566693433,70,-39.94,176.59,57,13
yar-sale,100,RU,1566693186,75,66.83,70.83,46.64,18.97
viedma,34,AR,1566693435,61,-40.81,-62.99,58.16,11.54
tela,40,HN,1566693437,70,15.78,-87.45,87.8,2.24
port lincoln,99,AU,1566693250,58,-34.72,135.86,53.48,10.33
villa bruzual,14,VE,1566693440,98,9.33,-69.12,67.16,1.36
katherine,63,AU,1566693441,50,-14.47,132.26,77,3.36
santa cruz de tenerife,0,ES,1566693444,26,28.47,-16.25,78.8,2.24
armacao de pera,0,PT,1566693445,88,37.1,-8.36,72,3.36
bulgan,0,MN,1566693446,70,48.81,103.53,49.16,5.17
nouakchott,40,MR,1566693257,74,18.08,-15.98,82.4,5.82
brewster,20,US,1566693448,72,41.76,-70.08,66.2,9.17
komsomolskiy,22,RU,1566693450,96,67.55,63.78,33.86,6.53
saint-francois,0,FR,1566693311,87,46.42,3.91,60.8,3.58
dwarka,40,IN,1566693452,88,28.58,77.04,88,4.7
tautira,75,PF,1566693453,58,-17.73,-149.15,84.2,11.41
ternova,0,UA,1566693454,48,50.18,36.68,66.2,4.47
kutum,49,SD,1566693457,60,14.2,24.66,74.54,3.98
dudinka,75,RU,1566693458,100,69.41,86.18,53.6,11.18
padang,100,ID,1566693459,80,-0.92,100.36,80.12,14.05
udomlya,0,RU,1566693461,98,57.88,35,49.16,5.3
songea,84,TZ,1566693463,72,-10.68,35.65,64.28,2.51
shymkent,0,KZ,1566693464,52,42.31,69.59,64.4,4.47
waingapu,6,ID,1566693465,63,-9.65,120.26,75.44,7.87
richards bay,0,ZA,1566693466,54,-28.77,32.06,71.3,19.95
murray bridge,64,AU,1566693467,70,-35.12,139.28,55,3
manokwari,88,ID,1566693469,79,-0.87,134.08,78.5,5.7
baykit,69,RU,1566693345,69,61.68,96.39,54.56,2.39
bubaque,100,GW,1566693471,84,11.28,-15.83,79.94,19.04
sola,100,TZ,1566693472,56,-3.17,33.8,70.04,12.33
pangnirtung,99,CA,1566693474,72,66.15,-65.72,43.58,5.17
srednekolymsk,99,RU,1566693475,55,67.46,153.71,69.86,6.15
bouca,80,CF,1566693476,98,6.51,18.28,65.72,3.06
bull savanna,10,JM,1566693477,78,17.89,-77.59,84.8,16.28
ostrovnoy,100,RU,1566693479,96,68.05,39.51,42.14,5.84
wamba,31,CD,1566693480,97,2.14,27.99,65.54,1.86
oranjemund,0,ZA,1566693481,55,-28.55,16.43,61.94,7
iqaluit,75,CA,1566693482,81,63.75,-68.52,50,9.17
catole do rocha,26,BR,1566693447,54,-6.34,-37.75,78.5,8.46
predivinsk,87,RU,1566693485,94,57.07,93.44,52.4,5.48
saint-georges,0,CA,1566693486,78,46.12,-70.67,59,3.89
rio grande,89,BR,1566693488,84,-32.03,-52.1,55.99,1.99
livingstone,0,ZW,1566693489,43,-17.85,25.86,51.86,1.83
kardla,16,EE,1566693490,93,58.44,26.57,50,5.82
copiapo,100,CL,1566693492,81,-27.37,-70.33,53.6,9.17
nisia floresta,75,BR,1566693327,88,-6.09,-35.21,75.2,5.82
colares,20,PT,1566693496,82,38.8,-9.45,66.99,10.29
chicla,22,PE,1566693497,73,-11.71,-76.27,39.98,0.25
dawlatabad,0,AF,1566693498,31,36.41,64.91,66.26,6.62
port harcourt,100,NG,1566693500,93,4.77,7.02,73.1,2.42
north platte,90,US,1566693501,88,41.12,-100.77,73.99,5.82
stratford,40,CA,1566693502,82,43.37,-80.98,68,2.24
gravdal,100,NO,1566693504,72,59.79,5.78,64.4,14.99
kholmy,0,RU,1566693505,93,56.41,85.03,57.99,6.71
plettenberg bay,0,ZA,1566693506,47,-34.05,23.37,56.72,1.68
vermilion,75,CA,1566693507,56,53.35,-110.85,69.8,6.93
fortuna,1,US,1566693278,63,40.6,-124.16,70,14.99
sangin,0,AF,1566693511,18,32.07,64.85,71.3,5.44
pishin,0,PK,1566693512,21,30.58,67,69.5,1.43
havoysund,27,NO,1566693513,86,71,24.66,37.4,9.17
hualmay,70,PE,1566693514,90,-11.1,-77.61,58.88,10.94
toktogul,0,KG,1566693516,51,41.87,72.95,51.86,4.88
porterville,1,US,1566693517,25,36.07,-119.02,100.99,6.93
taurage,0,LT,1566693518,94,55.25,22.29,57.8,4.18
chyhyryn,0,UA,1566693519,72,49.08,32.67,64.82,7.67
oyem,100,GA,1566693521,98,1.6,11.57,65.18,2.19
tomatlan,33,MX,1566693522,71,19.93,-105.25,86.24,20
mayskiy,75,RU,1566693523,93,43.63,44.06,66.2,6.71
koungheul,67,SN,1566693524,85,13.98,-14.8,77.24,7.83
srandakan,76,ID,1566693449,85,-7.94,110.25,73.64,4.38
praya,75,ID,1566693527,83,-8.71,116.27,77,5.82
piacabucu,100,BR,1566693528,80,-10.41,-36.43,74.36,8.93
paita,0,PE,1566693529,93,-5.09,-81.11,61.4,14.36
anadyr,20,RU,1566693530,63,64.73,177.51,62.6,6.71
ucluelet,20,CA,1566693411,72,48.94,-125.55,68,17.22
puerto montt,40,CL,1566693533,93,-41.47,-72.94,44.6,3.36
takaka,100,NZ,1566693535,85,-40.86,172.81,55,5.99
saldanha,97,PT,1566693536,42,41.42,-6.55,70.94,2.01
crotone,0,IT,1566693537,63,39.09,17.12,74,2.71
kisangani,40,CD,1566693539,85,0.52,25.21,70.94,2.15
marawi,100,PH,1566693540,83,8,124.29,80.01,1.01
gosainganj,75,IN,1566693541,94,26.77,81.11,80.6,5.82
leningradskiy,44,RU,1566693544,86,69.38,178.42,43.4,9.4
lethem,0,GY,1566693546,71,3.38,-59.8,80.66,6.13
nyuksenitsa,72,RU,1566693547,98,60.41,44.24,50.96,8.14
zwedru,100,LR,1566693550,98,6.07,-8.13,70.22,3.58
romny,0,UA,1566693551,71,50.74,33.49,56.54,6.13
regeneracao,26,BR,1566693552,34,-6.24,-42.69,78.5,4.38
molln,88,AT,1566693553,82,47.89,14.26,66,3.36
harper,90,US,1566693554,69,30.3,-99.24,82.4,11.41
chenzhou,37,CN,1566693556,87,25.81,113.03,79.22,5.84
aquiraz,40,BR,1566693557,78,-3.9,-38.39,80.6,14.99
laguna,20,BZ,1566693558,79,16.17,-88.94,84.2,4.7
